{"action": {"mean": [-0.035341858863830566, 0.4138130843639374, -0.04922810569405556, -1.8925219774246216, 0.15376479923725128, 2.4177896976470947, -1.0840699672698975, 0.6973515748977661], "std": [0.07815699279308319, 0.21718774735927582, 0.1508762091398239, 0.322719544172287, 0.21639874577522278, 0.3295184373855591, 1.08414626121521, 0.38876983523368835], "max": [0.2604330778121948, 1.0257165431976318, 0.2692793607711792, -1.0381712913513184, 0.8477367162704468, 3.242865562438965, 3.050800085067749, 1.0], "min": [-0.23362936079502106, -0.09436285495758057, -0.7065706849098206, -2.755115032196045, -0.6191070079803467, 1.225188136100769, -3.050800085067749, 0.0], "p99": [0.12622300639748535, 0.9213804006576538, 0.2416609674692154, -1.2973853039741523, 0.7280570268630981, 3.057300479412078, 0.9023782014846802, 0.9986023306846619], "p01": [-0.19833919405937195, -0.006183452247641982, -0.48562347888946533, -2.633179795742035, -0.41891965419054034, 1.6016422891616822, -3.050800085067749, 0.0]}, "num_transitions": 4348, "num_trajectories": 51, "proprio": {"mean": [-0.034457653760910034, 0.41734951734542847, -0.050420865416526794, -1.891535997390747, 0.15002720057964325, 2.4070065021514893, -1.0774967670440674, 0.060809630900621414], "std": [0.07783686369657516, 0.21687886118888855, 0.15230032801628113, 0.3239423334598541, 0.21163666248321533, 0.33133769035339355, 1.0682225227355957, 0.021257268264889717], "max": [0.2602236270904541, 1.0288920402526855, 0.266595721244812, -1.0469752550125122, 0.8318652510643005, 3.233166456222534, 2.9328391551971436, 0.07975216954946518], "min": [-0.23288363218307495, -0.08586030453443527, -0.7083398103713989, -2.755680799484253, -0.606597900390625, 1.2364343404769897, -3.0270111560821533, 5.0563332479214296e-05], "p99": [0.12789482831954954, 0.9220517152547832, 0.23830376222729682, -1.2984679603576665, 0.7284485101699816, 3.0403019881248463, 0.924226852059364, 0.07961629100143909], "p01": [-0.19385898604989052, 0.0023264427040703578, -0.4949387761950493, -2.6327060294151305, -0.4055328741669655, 1.5975449335575105, -3.0262723112106324, 0.0049177372828125955]}}